x-axis,1
second,Volt
-7.500000E-03,+41.358040214E+00
-7.492500E-03,+41.358040214E+00
-7.485000E-03,+41.358040214E+00
-7.477500E-03,+42.825823378E+00
-7.470000E-03,+42.617076422E+00
-7.462500E-03,+42.966080427E+00
-7.455000E-03,+43.246594526E+00
-7.447500E-03,+43.770100534E+00
-7.440000E-03,+43.876112631E+00
-7.432500E-03,+44.574120641E+00
-7.425000E-03,+45.378140748E+00
-7.417500E-03,+46.986180961E+00
-7.410000E-03,+46.425152763E+00
-7.402500E-03,+46.986180961E+00
-7.395000E-03,+48.207694979E+00
-7.387500E-03,+48.594221175E+00
-7.380000E-03,+48.594221175E+00
-7.372500E-03,+49.398241282E+00
-7.365000E-03,+49.360719091E+00
-7.357500E-03,+48.946502418E+00
-7.350000E-03,+49.398241282E+00
-7.342500E-03,+49.398241282E+00
-7.335000E-03,+50.202261388E+00
-7.327500E-03,+49.398241282E+00
-7.320000E-03,+50.202261388E+00
-7.312500E-03,+50.202261388E+00
-7.305000E-03,+50.202261388E+00
-7.297500E-03,+50.202261388E+00
-7.290000E-03,+51.006281495E+00
-7.282500E-03,+50.202261388E+00
-7.275000E-03,+51.006281495E+00
-7.267500E-03,+51.006281495E+00
-7.260000E-03,+51.006281495E+00
-7.252500E-03,+51.006281495E+00
-7.245000E-03,+51.006281495E+00
-7.237500E-03,+51.006281495E+00
-7.230000E-03,+51.006281495E+00
-7.222500E-03,+51.006281495E+00
-7.215000E-03,+51.810301602E+00
-7.207500E-03,+51.221582927E+00
-7.200000E-03,+51.536341979E+00
-7.192500E-03,+51.006281495E+00
-7.185000E-03,+51.006281495E+00
-7.177500E-03,+51.139984069E+00
-7.170000E-03,+51.006281495E+00
-7.162500E-03,+51.006281495E+00
-7.155000E-03,+51.012835971E+00
-7.147500E-03,+51.006281495E+00
-7.140000E-03,+51.642354076E+00
-7.132500E-03,+51.810301602E+00
-7.125000E-03,+51.467852073E+00
-7.117500E-03,+51.782611125E+00
-7.110000E-03,+51.006281495E+00
-7.102500E-03,+51.006281495E+00
-7.095000E-03,+51.118848068E+00
-7.087500E-03,+51.382975977E+00
-7.080000E-03,+51.748366172E+00
-7.072500E-03,+51.557477979E+00
-7.065000E-03,+51.006281495E+00
-7.057500E-03,+51.731979982E+00
-7.050000E-03,+51.006281495E+00
-7.042500E-03,+51.006281495E+00
-7.035000E-03,+51.006281495E+00
-7.027500E-03,+51.006281495E+00
-7.020000E-03,+51.006281495E+00
-7.012500E-03,+51.006281495E+00
-7.005000E-03,+51.679876267E+00
-6.997500E-03,+51.006281495E+00
-6.990000E-03,+51.006281495E+00
-6.982500E-03,+51.006281495E+00
-6.975000E-03,+51.006281495E+00
-6.967500E-03,+50.841611207E+00
-6.960000E-03,+50.202261388E+00
-6.952500E-03,+51.006281495E+00
-6.945000E-03,+50.981868256E+00
-6.937500E-03,+51.006281495E+00
-6.930000E-03,+50.807366254E+00
-6.922500E-03,+50.202261388E+00
-6.915000E-03,+50.202261388E+00
-6.907500E-03,+50.947623304E+00
-6.900000E-03,+50.202261388E+00
-6.892500E-03,+50.202261388E+00
-6.885000E-03,+50.202261388E+00
-6.877500E-03,+50.202261388E+00
-6.870000E-03,+50.295164533E+00
-6.862500E-03,+50.202261388E+00
-6.855000E-03,+50.738876348E+00
-6.847500E-03,+50.202261388E+00
-6.840000E-03,+50.202261388E+00
-6.832500E-03,+50.202261388E+00
-6.825000E-03,+50.202261388E+00
-6.817500E-03,+50.202261388E+00
-6.810000E-03,+50.202261388E+00
-6.802500E-03,+50.202261388E+00
-6.795000E-03,+50.202261388E+00
-6.787500E-03,+50.202261388E+00
-6.780000E-03,+49.866366336E+00
-6.772500E-03,+50.181125388E+00
-6.765000E-03,+50.202261388E+00
-6.757500E-03,+50.006623385E+00
-6.750000E-03,+50.083140339E+00
-6.742500E-03,+49.832121383E+00
-6.735000E-03,+50.202261388E+00
-6.727500E-03,+49.657619380E+00
-6.720000E-03,+49.398241282E+00
-6.712500E-03,+49.483117378E+00
-6.705000E-03,+50.202261388E+00
-6.697500E-03,+49.398241282E+00
-6.690000E-03,+49.398241282E+00
-6.682500E-03,+49.398241282E+00
-6.675000E-03,+49.398241282E+00
-6.667500E-03,+49.398241282E+00
-6.660000E-03,+49.398241282E+00
-6.652500E-03,+49.398241282E+00
-6.645000E-03,+49.398241282E+00
-6.637500E-03,+50.185875198E+00
-6.630000E-03,+49.398241282E+00
-6.622500E-03,+49.398241282E+00
-6.615000E-03,+49.398241282E+00
-6.607500E-03,+49.398241282E+00
-6.600000E-03,+49.398241282E+00
-6.592500E-03,+49.398241282E+00
-6.585000E-03,+49.205880517E+00
-6.577500E-03,+49.398241282E+00
-6.570000E-03,+49.398241282E+00
-6.562500E-03,+48.646324890E+00
-6.555000E-03,+49.398241282E+00
-6.547500E-03,+49.171635564E+00
-6.540000E-03,+49.398241282E+00
-6.532500E-03,+49.398241282E+00
-6.525000E-03,+49.398241282E+00
-6.517500E-03,+49.398241282E+00
-6.510000E-03,+48.594221175E+00
-6.502500E-03,+49.398241282E+00
-6.495000E-03,+48.594221175E+00
-6.487500E-03,+49.398241282E+00
-6.480000E-03,+49.398241282E+00
-6.472500E-03,+49.398241282E+00
-6.465000E-03,+49.398241282E+00
-6.457500E-03,+49.398241282E+00
-6.450000E-03,+48.749059749E+00
-6.442500E-03,+49.398241282E+00
-6.435000E-03,+49.398241282E+00
-6.427500E-03,+49.398241282E+00
-6.420000E-03,+49.398241282E+00
-6.412500E-03,+49.398241282E+00
-6.405000E-03,+49.398241282E+00
-6.397500E-03,+48.957806704E+00
-6.390000E-03,+49.349414804E+00
-6.382500E-03,+49.398241282E+00
-6.375000E-03,+49.398241282E+00
-6.367500E-03,+49.398241282E+00
-6.360000E-03,+48.992051657E+00
-6.352500E-03,+49.398241282E+00
-6.345000E-03,+48.825908797E+00
-6.337500E-03,+49.398241282E+00
-6.330000E-03,+49.398241282E+00
-6.322500E-03,+48.966165846E+00
-6.315000E-03,+49.398241282E+00
-6.307500E-03,+49.200798612E+00
-6.300000E-03,+49.398241282E+00
-6.292500E-03,+48.617161841E+00
-6.285000E-03,+48.931920893E+00
-6.277500E-03,+50.050700052E+00
-6.270000E-03,+49.398241282E+00
-6.262500E-03,+49.072177943E+00
-6.255000E-03,+49.398241282E+00
-6.247500E-03,+48.897675941E+00
-6.240000E-03,+49.398241282E+00
-6.232500E-03,+49.398241282E+00
-6.225000E-03,+49.758549573E+00
-6.217500E-03,+49.398241282E+00
-6.210000E-03,+49.398241282E+00
-6.202500E-03,+49.178190040E+00
-6.195000E-03,+49.398241282E+00
-6.187500E-03,+49.003688037E+00
-6.180000E-03,+49.398241282E+00
-6.172500E-03,+49.398241282E+00
-6.165000E-03,+49.398241282E+00
-6.157500E-03,+49.398241282E+00
-6.150000E-03,+49.398241282E+00
-6.142500E-03,+49.398241282E+00
-6.135000E-03,+49.398241282E+00
-6.127500E-03,+49.398241282E+00
-6.120000E-03,+49.398241282E+00
-6.112500E-03,+49.057264325E+00
-6.105000E-03,+49.398241282E+00
-6.097500E-03,+49.398241282E+00
-6.090000E-03,+49.398241282E+00
-6.082500E-03,+49.390214233E+00
-6.075000E-03,+48.594221175E+00
-6.067500E-03,+49.398241282E+00
-6.060000E-03,+49.398241282E+00
-6.052500E-03,+49.398241282E+00
-6.045000E-03,+49.398241282E+00
-6.037500E-03,+49.398241282E+00
-6.030000E-03,+49.398241282E+00
-6.022500E-03,+49.300256233E+00
-6.015000E-03,+49.398241282E+00
-6.007500E-03,+49.398241282E+00
-6.000000E-03,+49.398241282E+00
-5.992500E-03,+49.398241282E+00
-5.985000E-03,+49.398241282E+00
-5.977500E-03,+49.398241282E+00
-5.970000E-03,+49.398241282E+00
-5.962500E-03,+49.398241282E+00
-5.955000E-03,+49.398241282E+00
-5.947500E-03,+49.368746139E+00
-5.940000E-03,+49.398241282E+00
-5.932500E-03,+49.543248141E+00
-5.925000E-03,+49.398241282E+00
-5.917500E-03,+48.913730037E+00
-5.910000E-03,+49.398241282E+00
-5.902500E-03,+49.708250524E+00
-5.895000E-03,+49.398241282E+00
-5.887500E-03,+49.398241282E+00
-5.880000E-03,+49.398241282E+00
-5.872500E-03,+49.398241282E+00
-5.865000E-03,+49.398241282E+00
-5.857500E-03,+49.398241282E+00
-5.850000E-03,+49.398241282E+00
-5.842500E-03,+49.814262620E+00
-5.835000E-03,+49.398241282E+00
-5.827500E-03,+49.398241282E+00
-5.820000E-03,+49.398241282E+00
-5.812500E-03,+49.398241282E+00
-5.805000E-03,+48.975997561E+00
-5.797500E-03,+49.290756613E+00
-5.790000E-03,+49.605515665E+00
-5.782500E-03,+49.398241282E+00
-5.775000E-03,+50.169489007E+00
-5.767500E-03,+49.745772714E+00
-5.760000E-03,+50.060531767E+00
-5.752500E-03,+49.398241282E+00
-5.745000E-03,+49.398241282E+00
-5.737500E-03,+49.398241282E+00
-5.730000E-03,+49.888974908E+00
-5.722500E-03,+49.398241282E+00
-5.715000E-03,+49.398241282E+00
-5.707500E-03,+49.398241282E+00
-5.700000E-03,+49.433958806E+00
-5.692500E-03,+49.398241282E+00
-5.685000E-03,+49.398241282E+00
-5.677500E-03,+49.398241282E+00
-5.670000E-03,+49.398241282E+00
-5.662500E-03,+49.398241282E+00
-5.655000E-03,+49.398241282E+00
-5.647500E-03,+49.398241282E+00
-5.640000E-03,+49.398241282E+00
-5.632500E-03,+49.398241282E+00
-5.625000E-03,+49.398241282E+00
-5.617500E-03,+49.398241282E+00
-5.610000E-03,+49.398241282E+00
-5.602500E-03,+49.398241282E+00
-5.595000E-03,+49.851452717E+00
-5.587500E-03,+49.398241282E+00
-5.580000E-03,+49.398241282E+00
-5.572500E-03,+49.398241282E+00
-5.565000E-03,+49.398241282E+00
-5.557500E-03,+49.885697670E+00
-5.550000E-03,+49.398241282E+00
-5.542500E-03,+45.568552650E+00
-5.535000E-03,+49.398241282E+00
-5.527500E-03,+48.594221175E+00
-5.520000E-03,+49.398241282E+00
-5.512500E-03,+49.167549941E+00
-5.505000E-03,+49.506058044E+00
-5.497500E-03,+48.553089652E+00
-5.490000E-03,+50.535687587E+00
-5.482500E-03,+51.622026459E+00
-5.475000E-03,+50.202261388E+00
-5.467500E-03,+47.280468201E+00
-5.460000E-03,+49.786572144E+00
-5.452500E-03,+47.992061453E+00
-5.445000E-03,+50.681214439E+00
-5.437500E-03,+49.673673477E+00
-5.430000E-03,+49.083626425E+00
-5.422500E-03,+49.848175479E+00
-5.415000E-03,+45.249996368E+00
-5.407500E-03,+48.594221175E+00
-5.400000E-03,+47.170846772E+00
-5.392500E-03,+47.021754290E+00
-5.385000E-03,+48.603056607E+00
-5.377500E-03,+47.029261346E+00
-5.370000E-03,+49.543580235E+00
-5.362500E-03,+49.635198706E+00
-5.355000E-03,+49.398241282E+00
-5.347500E-03,+49.270948988E+00
-5.340000E-03,+46.396466004E+00
-5.332500E-03,+48.594221175E+00
-5.325000E-03,+47.268976017E+00
-5.317500E-03,+47.726793066E+00
-5.310000E-03,+49.498175192E+00
-5.302500E-03,+47.462000969E+00
-5.295000E-03,+51.426056362E+00
-5.287500E-03,+44.140904728E+00
-5.280000E-03,+45.182834838E+00
-5.272500E-03,+41.727848125E+00
-5.265000E-03,+40.009710193E+00
-5.257500E-03,+38.184563882E+00
-5.250000E-03,+35.372536319E+00
-5.242500E-03,+34.121859252E+00
-5.235000E-03,+31.709798932E+00
-5.227500E-03,+30.599378915E+00
-5.220000E-03,+25.269278936E+00
-5.212500E-03,+23.669597864E+00
-5.205000E-03,+21.257537544E+00
-5.197500E-03,+19.649497330E+00
-5.190000E-03,+17.237437010E+00
-5.182500E-03,+15.629396796E+00
-5.175000E-03,+14.021356583E+00
-5.167500E-03,+12.413316369E+00
-5.160000E-03,+10.805276155E+00
-5.152500E-03,+9.626366233E+00
-5.145000E-03,+8.393215835E+00
-5.137500E-03,+7.039803910E+00
-5.130000E-03,+5.981155515E+00
-5.122500E-03,+5.097009122E+00
-5.115000E-03,+3.978229963E+00
-5.107500E-03,+2.765075088E+00
-5.100000E-03,+1.961054981E+00
-5.092500E-03,+1.157034874E+00
-5.085000E-03,+353.014767E-03
-5.077500E-03,-90.364954E-03
-5.070000E-03,-579.626009E-03
-5.062500E-03,-1.255025446E+00
-5.055000E-03,-2.059045553E+00
-5.047500E-03,-2.059045553E+00
-5.040000E-03,-2.385440986E+00
-5.032500E-03,-3.504220145E+00
-5.025000E-03,-3.667085767E+00
-5.017500E-03,-3.667085767E+00
-5.010000E-03,-3.667085767E+00
-5.002500E-03,-4.178955394E+00
-4.995000E-03,-3.667085767E+00
-4.987500E-03,-3.667085767E+00
-4.980000E-03,-3.295473189E+00
-4.972500E-03,-2.863065660E+00
-4.965000E-03,-2.863065660E+00
-4.957500E-03,-2.631710132E+00
-4.950000E-03,-2.142449077E+00
-4.942500E-03,-2.464903084E+00
-4.935000E-03,-2.150144032E+00
-4.927500E-03,-2.059045553E+00
-4.920000E-03,-1.793445072E+00
-4.912500E-03,-2.059045553E+00
-4.905000E-03,-1.618943070E+00
-4.897500E-03,-1.933702122E+00
-4.890000E-03,-1.444441067E+00
-4.882500E-03,-1.759200119E+00
-4.875000E-03,-1.255025446E+00
-4.867500E-03,-1.255025446E+00
-4.860000E-03,-1.255025446E+00
-4.852500E-03,-1.255025446E+00
-4.845000E-03,-1.255025446E+00
-4.837500E-03,-1.235694112E+00
-4.830000E-03,-1.255025446E+00
-4.822500E-03,-1.255025446E+00
-4.815000E-03,-1.134099731E+00
-4.807500E-03,-1.255025446E+00
-4.800000E-03,-1.201449159E+00
-4.792500E-03,-993.842682E-03
-4.785000E-03,-1.255025446E+00
-4.777500E-03,-1.255025446E+00
-4.770000E-03,-1.255025446E+00
-4.762500E-03,-451.005340E-03
-4.755000E-03,-1.028087635E+00
-4.747500E-03,-451.005340E-03
-4.740000E-03,-503.441149E-03
-4.732500E-03,-451.005340E-03
-4.725000E-03,-451.005340E-03
-4.717500E-03,-643.698199E-03
-4.710000E-03,-747.573535E-03
-4.702500E-03,-1.255025446E+00
-4.695000E-03,-451.005340E-03
-4.687500E-03,-451.005340E-03
-4.680000E-03,-451.005340E-03
-4.672500E-03,-1.255025446E+00
-4.665000E-03,-467.059436E-03
-4.657500E-03,-451.005340E-03
-4.650000E-03,-1.255025446E+00
-4.642500E-03,-575.208293E-03
-4.635000E-03,-889.967345E-03
-4.627500E-03,-1.204726397E+00
-4.620000E-03,-451.005340E-03
-4.612500E-03,-1.255025446E+00
-4.605000E-03,-451.005340E-03
-4.597500E-03,-451.005340E-03
-4.590000E-03,-535.549342E-03
-4.582500E-03,-451.005340E-03
-4.575000E-03,-710.051344E-03
-4.567500E-03,-1.199312399E+00
-4.560000E-03,-451.005340E-03
-4.552500E-03,-451.005340E-03
-4.545000E-03,-1.059055349E+00
-4.537500E-03,-451.005340E-03
-4.530000E-03,-451.005340E-03
-4.522500E-03,-451.005340E-03
-4.515000E-03,-451.005340E-03
-4.507500E-03,-451.005340E-03
-4.500000E-03,-451.005340E-03
-4.492500E-03,-451.005340E-03
-4.485000E-03,-752.987533E-03
-4.477500E-03,-451.005340E-03
-4.470000E-03,-578.485531E-03
-4.462500E-03,-893.244583E-03
-4.455000E-03,-451.005340E-03
-4.447500E-03,-718.742581E-03
-4.440000E-03,-451.005340E-03
-4.432500E-03,-451.005340E-03
-4.425000E-03,-451.005340E-03
-4.417500E-03,-451.005340E-03
-4.410000E-03,-451.005340E-03
-4.402500E-03,-451.005340E-03
-4.395000E-03,-451.005340E-03
-4.387500E-03,-824.754677E-03
-4.380000E-03,-1.255025446E+00
-4.372500E-03,-1.055778111E+00
-4.365000E-03,-965.011727E-03
-4.357500E-03,-451.005340E-03
-4.350000E-03,-790.509724E-03
-4.342500E-03,-451.005340E-03
-4.335000E-03,-1.090023064E+00
-4.327500E-03,-451.005340E-03
-4.320000E-03,-451.005340E-03
-4.312500E-03,-451.005340E-03
-4.305000E-03,-1.071023824E+00
-4.297500E-03,-451.005340E-03
-4.290000E-03,-451.005340E-03
-4.282500E-03,-451.005340E-03
-4.275000E-03,-451.005340E-03
-4.267500E-03,-451.005340E-03
-4.260000E-03,-451.005340E-03
-4.252500E-03,-843.753918E-03
-4.245000E-03,-451.005340E-03
-4.237500E-03,-451.005340E-03
-4.230000E-03,-451.005340E-03
-4.222500E-03,-513.272863E-03
-4.215000E-03,-451.005340E-03
-4.207500E-03,-451.005340E-03
-4.200000E-03,-451.005340E-03
-4.192500E-03,-451.005340E-03
-4.185000E-03,-451.005340E-03
-4.177500E-03,-451.005340E-03
-4.170000E-03,-451.005340E-03
-4.162500E-03,-451.005340E-03
-4.155000E-03,-771.986774E-03
-4.147500E-03,-451.005340E-03
-4.140000E-03,-451.005340E-03
-4.132500E-03,-1.074301062E+00
-4.125000E-03,-451.005340E-03
-4.117500E-03,-451.005340E-03
-4.110000E-03,-451.005340E-03
-4.102500E-03,-451.005340E-03
-4.095000E-03,-451.005340E-03
-4.087500E-03,-451.005340E-03
-4.080000E-03,-451.005340E-03
-4.072500E-03,-451.005340E-03
-4.065000E-03,-691.052104E-03
-4.057500E-03,-700.219630E-03
-4.050000E-03,-451.005340E-03
-4.042500E-03,-451.005340E-03
-4.035000E-03,-559.962580E-03
-4.027500E-03,-451.005340E-03
-4.020000E-03,-451.005340E-03
-4.012500E-03,-451.005340E-03
-4.005000E-03,-908.966585E-03
-3.997500E-03,-451.005340E-03
-3.990000E-03,-451.005340E-03
-3.982500E-03,+353.014767E-03
-3.975000E-03,+1.159980018E+00
-3.967500E-03,+2.765075088E+00
-3.960000E-03,+4.550562448E+00
-3.952500E-03,+6.118467420E+00
-3.945000E-03,+8.393215835E+00
-3.937500E-03,+10.038446146E+00
-3.930000E-03,+11.609296262E+00
-3.922500E-03,+13.809664483E+00
-3.915000E-03,+15.629396796E+00
-3.907500E-03,+17.237437010E+00
-3.900000E-03,+18.112892166E+00
-3.892500E-03,+20.210193435E+00
-3.885000E-03,+21.257537544E+00
-3.877500E-03,+22.865577757E+00
-3.870000E-03,+23.669597864E+00
-3.862500E-03,+25.277638078E+00
-3.855000E-03,+26.081658185E+00
-3.847500E-03,+27.165860297E+00
-3.840000E-03,+28.459141458E+00
-3.832500E-03,+29.297738612E+00
-3.825000E-03,+29.961833763E+00
-3.817500E-03,+30.276592815E+00
-3.810000E-03,+30.905778825E+00
-3.802500E-03,+31.709798932E+00
-3.795000E-03,+33.317839146E+00
-3.787500E-03,+33.317839146E+00
-3.780000E-03,+34.121859252E+00
-3.772500E-03,+34.925879359E+00
-3.765000E-03,+34.925879359E+00
-3.757500E-03,+35.729899466E+00
-3.750000E-03,+35.729899466E+00
-3.742500E-03,+37.231595489E+00
-3.735000E-03,+37.337939680E+00
-3.727500E-03,+38.141959786E+00
-3.720000E-03,+38.141959786E+00
-3.712500E-03,+38.703320079E+00
-3.705000E-03,+38.945979893E+00
-3.697500E-03,+39.750000000E+00
-3.690000E-03,+40.451617342E+00
-3.682500E-03,+40.554020107E+00
-3.675000E-03,+40.554020107E+00
-3.667500E-03,+41.320185929E+00
-3.660000E-03,+41.358040214E+00
-3.652500E-03,+42.162060320E+00
-3.645000E-03,+42.162060320E+00
-3.637500E-03,+42.654930707E+00
-3.630000E-03,+42.966080427E+00
-3.622500E-03,+43.770100534E+00
-3.615000E-03,+43.770100534E+00
-3.607500E-03,+44.574120641E+00
-3.600000E-03,+44.574120641E+00
-3.592500E-03,+45.378140748E+00
-3.585000E-03,+45.662264179E+00
-3.577500E-03,+46.182160854E+00
-3.570000E-03,+46.876559532E+00
-3.562500E-03,+46.986180961E+00
-3.555000E-03,+46.986180961E+00
-3.547500E-03,+47.540322590E+00
-3.540000E-03,+47.225563537E+00
-3.532500E-03,+47.790201068E+00
-3.525000E-03,+47.790201068E+00
-3.517500E-03,+47.889326595E+00
-3.510000E-03,+48.005834593E+00
-3.502500E-03,+48.594221175E+00
-3.495000E-03,+47.831332591E+00
-3.487500E-03,+48.146091643E+00
-3.480000E-03,+48.727591654E+00
-3.472500E-03,+49.398241282E+00
-3.465000E-03,+49.398241282E+00
-3.457500E-03,+49.391354711E+00
-3.450000E-03,+49.719886904E+00
-3.442500E-03,+48.594221175E+00
-3.435000E-03,+48.741364794E+00
-3.427500E-03,+49.398241282E+00
-3.420000E-03,+48.621579558E+00
-3.412500E-03,+49.914860719E+00
-3.405000E-03,+49.398241282E+00
-3.397500E-03,+49.976464055E+00
-3.390000E-03,+50.202261388E+00
-3.382500E-03,+48.717427846E+00
-3.375000E-03,+49.949105672E+00
-3.367500E-03,+49.870451958E+00
-3.360000E-03,+50.927627781E+00
-3.352500E-03,+49.808848622E+00
-3.345000E-03,+48.690069463E+00
-3.337500E-03,+49.617152045E+00
-3.330000E-03,+50.735931204E+00
-3.322500E-03,+50.246670149E+00
-3.315000E-03,+50.202261388E+00
-3.307500E-03,+50.746095012E+00
-3.300000E-03,+50.202261388E+00
-3.292500E-03,+50.202261388E+00
-3.285000E-03,+50.202261388E+00
-3.277500E-03,+51.485378742E+00
-3.270000E-03,+50.841943301E+00
-3.262500E-03,+50.051840531E+00
-3.255000E-03,+50.541101585E+00
-3.247500E-03,+49.446403571E+00
-3.240000E-03,+51.296959402E+00
-3.232500E-03,+49.596824429E+00
-3.225000E-03,+51.006281495E+00
-3.217500E-03,+49.829176238E+00
-3.210000E-03,+51.751975504E+00
-3.202500E-03,+50.202261388E+00
-3.195000E-03,+50.202261388E+00
-3.187500E-03,+50.284192340E+00
-3.180000E-03,+51.810301602E+00
-3.172500E-03,+50.202261388E+00
-3.165000E-03,+49.980073387E+00
-3.157500E-03,+49.932387388E+00
-3.150000E-03,+51.101653493E+00
-3.142500E-03,+51.731171597E+00
-3.135000E-03,+49.525057285E+00
-3.127500E-03,+50.202261388E+00
-3.120000E-03,+49.801009471E+00
-3.112500E-03,+52.600880663E+00
-3.105000E-03,+51.039241773E+00
-3.097500E-03,+51.488179689E+00
-3.090000E-03,+49.244543186E+00
-3.082500E-03,+50.670718536E+00
-3.075000E-03,+47.831808881E+00
-3.067500E-03,+51.222391311E+00
-3.060000E-03,+48.984832993E+00
-3.052500E-03,+48.833127460E+00
-3.045000E-03,+49.092837653E+00
-3.037500E-03,+50.257310248E+00
-3.030000E-03,+49.942551196E+00
-3.022500E-03,+51.351199878E+00
-3.015000E-03,+53.503550005E+00
-3.007500E-03,+50.610399875E+00
-3.000000E-03,+52.435734084E+00
-2.992500E-03,+49.525865669E+00
-2.985000E-03,+50.993648833E+00
-2.977500E-03,+49.347278044E+00
-2.970000E-03,+46.475307615E+00
-2.962500E-03,+48.594221175E+00
-2.955000E-03,+50.241400348E+00
-2.947500E-03,+49.994322817E+00
-2.940000E-03,+49.448396134E+00
-2.932500E-03,+49.870784052E+00
-2.925000E-03,+51.336950447E+00
-2.917500E-03,+47.005324399E+00
-2.910000E-03,+47.929649733E+00
-2.902500E-03,+50.918648152E+00
-2.895000E-03,+51.040482748E+00
-2.887500E-03,+44.082347032E+00
-2.880000E-03,+46.795812759E+00
-2.872500E-03,+48.594221175E+00
-2.865000E-03,+50.850966630E+00
-2.857500E-03,+48.594221175E+00
-2.850000E-03,+47.337653820E+00
-2.842500E-03,+48.948162887E+00
-2.835000E-03,+51.409525975E+00
-2.827500E-03,+48.250154877E+00
-2.820000E-03,+49.058549000E+00
-2.812500E-03,+47.745272316E+00
-2.805000E-03,+45.649343123E+00
-2.797500E-03,+47.658158963E+00
-2.790000E-03,+46.986180961E+00
-2.782500E-03,+46.986180961E+00
-2.775000E-03,+48.808714222E+00
-2.767500E-03,+47.770205546E+00
-2.760000E-03,+47.458492135E+00
-2.752500E-03,+50.820287309E+00
-2.745000E-03,+48.431211355E+00
-2.737500E-03,+53.126335533E+00
-2.730000E-03,+51.796052171E+00
-2.722500E-03,+48.496712417E+00
-2.715000E-03,+45.566892181E+00
-2.707500E-03,+49.602282127E+00
-2.700000E-03,+48.879961375E+00
-2.692500E-03,+48.594221175E+00
-2.685000E-03,+48.061691838E+00
-2.677500E-03,+49.621237668E+00
-2.670000E-03,+52.684240487E+00
-2.662500E-03,+47.808247727E+00
-2.655000E-03,+47.624722395E+00
-2.647500E-03,+50.542242064E+00
-2.640000E-03,+46.311345214E+00
-2.632500E-03,+48.077789634E+00
-2.625000E-03,+48.594221175E+00
-2.617500E-03,+48.828189753E+00
-2.610000E-03,+49.200466519E+00
-2.602500E-03,+51.076720264E+00
-2.595000E-03,+49.351695761E+00
-2.587500E-03,+51.435988574E+00
-2.580000E-03,+47.432261133E+00
-2.572500E-03,+54.208732979E+00
-2.565000E-03,+48.462279567E+00
-2.557500E-03,+48.594221175E+00
-2.550000E-03,+52.399640765E+00
-2.542500E-03,+49.583715477E+00
-2.535000E-03,+48.206366604E+00
-2.527500E-03,+49.146038147E+00
-2.520000E-03,+51.051498641E+00
-2.512500E-03,+48.329284881E+00
-2.505000E-03,+44.868696274E+00
-2.497500E-03,+42.783638776E+00
-2.490000E-03,+47.001758767E+00
-2.482500E-03,+49.795551773E+00
-2.475000E-03,+48.829518128E+00
-2.467500E-03,+49.313985673E+00
-2.460000E-03,+49.702216038E+00
-2.452500E-03,+47.737288968E+00
-2.445000E-03,+47.213595064E+00
-2.437500E-03,+50.001397284E+00
-2.430000E-03,+49.974659389E+00
-2.422500E-03,+49.398241282E+00
-2.415000E-03,+47.350386979E+00
-2.407500E-03,+46.773968871E+00
-2.400000E-03,+50.339053303E+00
-2.392500E-03,+50.038919475E+00
-2.385000E-03,+46.978486007E+00
-2.377500E-03,+49.281069096E+00
-2.370000E-03,+48.594221175E+00
-2.362500E-03,+50.865071864E+00
-2.355000E-03,+50.111639201E+00
-2.347500E-03,+51.768361694E+00
-2.340000E-03,+47.804638395E+00
-2.332500E-03,+48.130138044E+00
-2.325000E-03,+46.477112281E+00
-2.317500E-03,+48.203277262E+00
-2.310000E-03,+49.245871561E+00
-2.302500E-03,+48.028775260E+00
-2.295000E-03,+50.003534044E+00
-2.287500E-03,+47.790201068E+00
-2.280000E-03,+47.882916316E+00
-2.272500E-03,+46.986180961E+00
-2.265000E-03,+47.599168678E+00
-2.257500E-03,+53.164465113E+00
-2.250000E-03,+48.474912229E+00
-2.242500E-03,+48.709068704E+00
-2.235000E-03,+52.324972176E+00
-2.227500E-03,+51.176365781E+00
-2.220000E-03,+49.539595110E+00
-2.212500E-03,+43.778935967E+00
-2.205000E-03,+50.568936259E+00
-2.197500E-03,+47.520702861E+00
-2.190000E-03,+47.257859627E+00
-2.182500E-03,+48.011161192E+00
-2.175000E-03,+48.632883844E+00
-2.167500E-03,+50.226530430E+00
-2.160000E-03,+47.790201068E+00
-2.152500E-03,+45.183686922E+00
-2.145000E-03,+51.393948170E+00
-2.137500E-03,+47.498570579E+00
-2.130000E-03,+48.358823723E+00
-2.122500E-03,+49.707442139E+00
-2.115000E-03,+48.796269457E+00
-2.107500E-03,+46.102554559E+00
-2.100000E-03,+46.182160854E+00
-2.092500E-03,+50.851486620E+00
-2.085000E-03,+49.157530330E+00
-2.077500E-03,+55.333835019E+00
-2.070000E-03,+49.289948228E+00
-2.062500E-03,+50.202261388E+00
-2.055000E-03,+50.139473875E+00
-2.047500E-03,+51.925437526E+00
-2.040000E-03,+43.778083883E+00
-2.032500E-03,+50.869445881E+00
-2.025000E-03,+49.702591830E+00
-2.017500E-03,+45.656373890E+00
-2.010000E-03,+50.798819215E+00
-2.002500E-03,+50.131490526E+00
-1.995000E-03,+50.658706363E+00
-1.987500E-03,+48.558691546E+00
-1.980000E-03,+50.412004625E+00
-1.972500E-03,+50.586650825E+00
-1.965000E-03,+49.676762818E+00
-1.957500E-03,+50.937647392E+00
-1.950000E-03,+49.958129002E+00
-1.942500E-03,+49.539494612E+00
-1.935000E-03,+50.654144449E+00
-1.927500E-03,+49.294365944E+00
-1.920000E-03,+52.192554279E+00
-1.912500E-03,+46.088825118E+00
-1.905000E-03,+49.398241282E+00
-1.897500E-03,+48.492482597E+00
-1.890000E-03,+49.398241282E+00
-1.882500E-03,+48.947498699E+00
-1.875000E-03,+50.202261388E+00
-1.867500E-03,+49.398241282E+00
-1.860000E-03,+49.398241282E+00
-1.852500E-03,+49.570606524E+00
-1.845000E-03,+48.401484617E+00
-1.837500E-03,+49.398241282E+00
-1.830000E-03,+53.257800849E+00
-1.822500E-03,+47.595415149E+00
-1.815000E-03,+49.214051762E+00
-1.807500E-03,+49.614538994E+00
-1.800000E-03,+50.160465678E+00
-1.792500E-03,+49.398241282E+00
-1.785000E-03,+49.149835376E+00
-1.777500E-03,+48.757130496E+00
-1.770000E-03,+51.875282674E+00
-1.762500E-03,+50.175567193E+00
-1.755000E-03,+51.106114908E+00
-1.747500E-03,+49.398241282E+00
-1.740000E-03,+47.790201068E+00
-1.732500E-03,+47.025839912E+00
-1.725000E-03,+51.387017901E+00
-1.717500E-03,+48.863907279E+00
-1.710000E-03,+49.398241282E+00
-1.702500E-03,+49.088896227E+00
-1.695000E-03,+43.797170522E+00
-1.687500E-03,+48.757895182E+00
-1.680000E-03,+49.525909369E+00
-1.672500E-03,+51.151952542E+00
-1.665000E-03,+48.360540991E+00
-1.657500E-03,+47.101504782E+00
-1.650000E-03,+49.112313185E+00
-1.642500E-03,+49.194908324E+00
-1.635000E-03,+49.509667376E+00
-1.627500E-03,+49.776076242E+00
-1.620000E-03,+49.398241282E+00
-1.612500E-03,+49.698895100E+00
-1.605000E-03,+48.831799085E+00
-1.597500E-03,+47.713019926E+00
-1.590000E-03,+48.594221175E+00
-1.582500E-03,+50.007619666E+00
-1.575000E-03,+49.681412130E+00
-1.567500E-03,+47.824546519E+00
-1.560000E-03,+50.159325200E+00
-1.552500E-03,+48.056089944E+00
-1.545000E-03,+50.202261388E+00
-1.537500E-03,+48.848661567E+00
-1.530000E-03,+50.010376914E+00
-1.522500E-03,+47.807583539E+00
-1.515000E-03,+45.221021217E+00
-1.507500E-03,+47.815234795E+00
-1.500000E-03,+44.723068926E+00
-1.492500E-03,+49.398241282E+00
-1.485000E-03,+49.372687564E+00
-1.477500E-03,+50.427870825E+00
-1.470000E-03,+47.790201068E+00
-1.462500E-03,+49.398241282E+00
-1.455000E-03,+49.078588222E+00
-1.447500E-03,+47.670603728E+00
-1.440000E-03,+48.672499096E+00
-1.432500E-03,+47.555900395E+00
-1.425000E-03,+47.709742688E+00
-1.417500E-03,+50.229431875E+00
-1.410000E-03,+46.182160854E+00
-1.402500E-03,+45.015551499E+00
-1.395000E-03,+42.966080427E+00
-1.387500E-03,+42.873653574E+00
-1.380000E-03,+39.306952372E+00
-1.372500E-03,+37.466228255E+00
-1.365000E-03,+34.925879359E+00
-1.357500E-03,+33.317839146E+00
-1.350000E-03,+31.709798932E+00
-1.342500E-03,+28.820446031E+00
-1.335000E-03,+27.689698398E+00
-1.327500E-03,+25.429863601E+00
-1.320000E-03,+24.136582440E+00
-1.312500E-03,+18.867753702E+00
-1.305000E-03,+18.041457117E+00
-1.297500E-03,+16.433416903E+00
-1.290000E-03,+14.021356583E+00
-1.282500E-03,+12.042035885E+00
-1.275000E-03,+10.805276155E+00
-1.267500E-03,+9.197235942E+00
-1.260000E-03,+7.589195728E+00
-1.252500E-03,+6.785175622E+00
-1.245000E-03,+5.582660845E+00
-1.237500E-03,+4.373115301E+00
-1.230000E-03,+2.765075088E+00
-1.222500E-03,+1.961054981E+00
-1.215000E-03,+1.157034874E+00
-1.207500E-03,+353.014767E-03
-1.200000E-03,-325.994002E-03
-1.192500E-03,-640.753054E-03
-1.185000E-03,-1.255025446E+00
-1.177500E-03,-2.059045553E+00
-1.170000E-03,-2.863065660E+00
-1.162500E-03,-2.863065660E+00
-1.155000E-03,-3.667085767E+00
-1.147500E-03,-3.667085767E+00
-1.140000E-03,-3.667085767E+00
-1.132500E-03,-3.667085767E+00
-1.125000E-03,-3.860587010E+00
-1.117500E-03,-2.984323469E+00
-1.110000E-03,-3.667085767E+00
-1.102500E-03,-2.916309854E+00
-1.095000E-03,-2.863065660E+00
-1.087500E-03,-2.863065660E+00
-1.080000E-03,-2.863065660E+00
-1.072500E-03,-2.863065660E+00
-1.065000E-03,-2.059045553E+00
-1.057500E-03,-2.059045553E+00
-1.050000E-03,-2.059045553E+00
-1.042500E-03,-2.059045553E+00
-1.035000E-03,-2.059045553E+00
-1.027500E-03,-2.059045553E+00
-1.020000E-03,-1.866020601E+00
-1.012500E-03,-1.762809451E+00
-1.005000E-03,-1.255025446E+00
-997.500E-06,-1.725763551E+00
-990.000E-06,-1.255025446E+00
-982.500E-06,-1.255025446E+00
-975.000E-06,-1.255025446E+00
-967.500E-06,-1.255025446E+00
-960.000E-06,-1.255025446E+00
-952.500E-06,-641.229345E-03
-945.000E-06,-1.255025446E+00
-937.500E-06,-1.255025446E+00
-930.000E-06,-1.255025446E+00
-922.500E-06,-990.233350E-03
-915.000E-06,-675.474298E-03
-907.500E-06,-541.295433E-03
-900.000E-06,-1.255025446E+00
-892.500E-06,-451.005340E-03
-885.000E-06,-1.024478303E+00
-877.500E-06,-996.311535E-03
-870.000E-06,-451.005340E-03
-862.500E-06,-451.005340E-03
-855.000E-06,-1.255025446E+00
-847.500E-06,-1.058723256E+00
-840.000E-06,-962.066582E-03
-832.500E-06,-451.005340E-03
-825.000E-06,-787.564580E-03
-817.500E-06,-451.005340E-03
-810.000E-06,-613.062577E-03
-802.500E-06,-451.005340E-03
-795.000E-06,-451.005340E-03
-787.500E-06,-753.319627E-03
-780.000E-06,-451.005340E-03
-772.500E-06,-451.005340E-03
-765.000E-06,-451.005340E-03
-757.500E-06,-451.005340E-03
-750.000E-06,-451.005340E-03
-742.500E-06,-451.005340E-03
-735.000E-06,-544.572671E-03
-727.500E-06,-451.005340E-03
-720.000E-06,-451.005340E-03
-712.500E-06,-1.021201065E+00
-705.000E-06,-451.005340E-03
-697.500E-06,-1.195703067E+00
-690.000E-06,-825.086771E-03
-682.500E-06,-1.139845823E+00
-675.000E-06,-451.005340E-03
-667.500E-06,-740.686966E-03
-660.000E-06,-451.005340E-03
-652.500E-06,-451.005340E-03
-645.000E-06,-451.005340E-03
-637.500E-06,-451.005340E-03
-630.000E-06,-774.931919E-03
-622.500E-06,-451.005340E-03
-615.000E-06,-451.005340E-03
-607.500E-06,-1.071355917E+00
-600.000E-06,-582.094862E-03
-592.500E-06,-451.005340E-03
-585.000E-06,-494.417819E-03
-577.500E-06,-451.005340E-03
-570.000E-06,-451.005340E-03
-562.500E-06,-1.158180877E+00
-555.000E-06,-451.005340E-03
-547.500E-06,-451.005340E-03
-540.000E-06,-451.005340E-03
-532.500E-06,-451.005340E-03
-525.000E-06,-451.005340E-03
-517.500E-06,-451.005340E-03
-510.000E-06,-451.005340E-03
-502.500E-06,-451.005340E-03
-495.000E-06,-451.005340E-03
-487.500E-06,-1.226670782E+00
-480.000E-06,-451.005340E-03
-472.500E-06,-1.108878108E+00
-465.000E-06,-451.005340E-03
-457.500E-06,-771.654681E-03
-450.000E-06,-451.005340E-03
-442.500E-06,-946.156683E-03
-435.000E-06,-451.005340E-03
-427.500E-06,-451.005340E-03
-420.000E-06,-805.899633E-03
-412.500E-06,-451.005340E-03
-405.000E-06,-1.255025446E+00
-397.500E-06,-451.005340E-03
-390.000E-06,-451.005340E-03
-382.500E-06,-451.005340E-03
-375.000E-06,-1.180645252E+00
-367.500E-06,-451.005340E-03
-360.000E-06,-1.006143249E+00
-352.500E-06,-1.255025446E+00
-345.000E-06,-874.389539E-03
-337.500E-06,-451.005340E-03
-330.000E-06,-657.139244E-03
-322.500E-06,-971.898296E-03
-315.000E-06,-451.005340E-03
-307.500E-06,-451.005340E-03
-300.000E-06,-451.005340E-03
-292.500E-06,-451.005340E-03
-285.000E-06,-937.653344E-03
-277.500E-06,-451.005340E-03
-270.000E-06,-942.879445E-03
-262.500E-06,-451.005340E-03
-255.000E-06,-588.649339E-03
-247.500E-06,-451.005340E-03
-240.000E-06,-487.863343E-03
-232.500E-06,-1.255025446E+00
-225.000E-06,-451.005340E-03
-217.500E-06,-554.404386E-03
-210.000E-06,-451.005340E-03
-202.500E-06,-451.005340E-03
-195.000E-06,-451.005340E-03
-187.500E-06,-1.009420487E+00
-180.000E-06,-451.005340E-03
-172.500E-06,-451.005340E-03
-165.000E-06,-451.005340E-03
-157.500E-06,-1.045614304E+00
-150.000E-06,-451.005340E-03
-142.500E-06,-451.005340E-03
-135.000E-06,-905.357254E-03
-127.500E-06,-451.005340E-03
-120.000E-06,-451.005340E-03
-112.500E-06,-451.005340E-03
-105.000E-06,-451.005340E-03
-97.500E-06,-766.428579E-03
-90.000E-06,-624.843155E-03
-82.500E-06,-451.005340E-03
-75.000E-06,-451.005340E-03
-67.500E-06,-451.005340E-03
-60.000E-06,+353.014767E-03
-52.500E-06,+1.752972213E+00
-45.000E-06,+3.462418910E+00
-37.500E-06,+4.373115301E+00
-30.000E-06,+6.048981233E+00
-22.500E-06,+8.393215835E+00
-15.000E-06,+10.805276155E+00
-7.500E-06,+12.340885038E+00
-0.0E+00,+14.021356583E+00
+7.500E-06,+15.629396796E+00
+15.000E-06,+17.237437010E+00
+22.500E-06,+18.318029790E+00
+30.000E-06,+20.453517437E+00
+37.500E-06,+21.257537544E+00
+45.000E-06,+22.729262133E+00
+52.500E-06,+23.669597864E+00
+60.000E-06,+25.277638078E+00
+67.500E-06,+26.081658185E+00
+75.000E-06,+26.885678291E+00
+82.500E-06,+27.689698398E+00
+90.000E-06,+28.637916980E+00
+97.500E-06,+30.101758718E+00
+105.000E-06,+30.905778825E+00
+112.500E-06,+31.425343407E+00
+120.000E-06,+32.309013509E+00
+127.500E-06,+32.623772561E+00
+135.000E-06,+33.317839146E+00
+142.500E-06,+34.121859252E+00
+150.000E-06,+34.372069824E+00
+157.500E-06,+34.925879359E+00
+165.000E-06,+35.729899466E+00
+172.500E-06,+35.729899466E+00
+180.000E-06,+36.533919573E+00
+187.500E-06,+36.749885192E+00
+195.000E-06,+37.337939680E+00
+202.500E-06,+38.141959786E+00
+210.000E-06,+38.141959786E+00
+217.500E-06,+38.945979893E+00
+225.000E-06,+39.127700559E+00
+232.500E-06,+39.750000000E+00
+240.000E-06,+39.750000000E+00
+247.500E-06,+40.071977716E+00
+255.000E-06,+40.554020107E+00
+262.500E-06,+41.358040214E+00
+270.000E-06,+41.699825555E+00
+277.500E-06,+41.385066503E+00
+285.000E-06,+42.678347664E+00
+292.500E-06,+42.966080427E+00
+300.000E-06,+42.966080427E+00
+307.500E-06,+43.394070240E+00
+315.000E-06,+43.770100534E+00
+322.500E-06,+44.574120641E+00
+330.000E-06,+45.142367503E+00
+337.500E-06,+46.182160854E+00
+345.000E-06,+46.592436102E+00
+352.500E-06,+46.986180961E+00
+360.000E-06,+47.570958211E+00
+367.500E-06,+47.790201068E+00
+375.000E-06,+47.834941922E+00
+382.500E-06,+48.594221175E+00
+390.000E-06,+48.594221175E+00
+397.500E-06,+48.594221175E+00
+405.000E-06,+48.898484325E+00
+412.500E-06,+49.398241282E+00
+420.000E-06,+49.398241282E+00
+427.500E-06,+50.202261388E+00
+435.000E-06,+49.548994233E+00
+442.500E-06,+49.736749385E+00
+450.000E-06,+50.226010440E+00
+457.500E-06,+50.715271494E+00
+465.000E-06,+50.400512442E+00
+472.500E-06,+50.318769387E+00
+480.000E-06,+49.829508332E+00
+487.500E-06,+50.948287491E+00
+495.000E-06,+51.263046543E+00
+502.500E-06,+49.969765382E+00
+510.000E-06,+53.253815725E+00
+517.500E-06,+48.187223165E+00
+525.000E-06,+51.006281495E+00
+532.500E-06,+48.457761353E+00
+540.000E-06,+51.539763414E+00
+547.500E-06,+49.494277466E+00
+555.000E-06,+51.447524457E+00
+562.500E-06,+50.202261388E+00
+570.000E-06,+50.868925891E+00
+577.500E-06,+50.503247301E+00
+585.000E-06,+47.831520487E+00
+592.500E-06,+51.481769410E+00
+600.000E-06,+53.579446471E+00
+607.500E-06,+51.468372063E+00
+615.000E-06,+53.350227702E+00
+622.500E-06,+54.140474669E+00
+630.000E-06,+51.967984821E+00
+637.500E-06,+49.764064070E+00
+645.000E-06,+50.766711022E+00
+652.500E-06,+51.810301602E+00
+660.000E-06,+51.170431794E+00
+667.500E-06,+52.874363995E+00
+675.000E-06,+50.315116356E+00
+682.500E-06,+50.202261388E+00
+690.000E-06,+53.828905458E+00
+697.500E-06,+50.024337950E+00
+705.000E-06,+53.517511041E+00
+712.500E-06,+50.729188832E+00
+720.000E-06,+51.057576826E+00
+727.500E-06,+52.104444643E+00
+735.000E-06,+50.325468060E+00
+742.500E-06,+51.006281495E+00
+750.000E-06,+54.252752847E+00
+757.500E-06,+50.219311766E+00
+765.000E-06,+51.478492172E+00
+772.500E-06,+52.788535316E+00
+780.000E-06,+50.551842184E+00
+787.500E-06,+49.870307761E+00
+795.000E-06,+50.989086920E+00
+802.500E-06,+49.816023588E+00
+810.000E-06,+50.622888340E+00
+817.500E-06,+51.006281495E+00
+825.000E-06,+50.926574700E+00
+832.500E-06,+49.295362225E+00
+840.000E-06,+51.824363137E+00
+847.500E-06,+49.398241282E+00
+855.000E-06,+51.183916538E+00
+862.500E-06,+50.202261388E+00
+870.000E-06,+50.287945869E+00
+877.500E-06,+50.202261388E+00
+885.000E-06,+48.877868314E+00
+892.500E-06,+48.648793743E+00
+900.000E-06,+50.202261388E+00
+907.500E-06,+48.594221175E+00
+915.000E-06,+48.983880411E+00
+922.500E-06,+49.907829952E+00
+930.000E-06,+50.100623310E+00
+937.500E-06,+50.671194827E+00
+945.000E-06,+45.003495629E+00
+952.500E-06,+48.754805840E+00
+960.000E-06,+48.118877457E+00
+967.500E-06,+47.014015636E+00
+975.000E-06,+51.203291571E+00
+982.500E-06,+48.594221175E+00
+990.000E-06,+53.039322678E+00
+997.500E-06,+48.957142517E+00
+1.005000E-03,+48.690545755E+00
+1.012500E-03,+49.669067864E+00
+1.020000E-03,+48.680858238E+00
+1.027500E-03,+49.741787591E+00
+1.035000E-03,+47.790201068E+00
+1.042500E-03,+48.264592203E+00
+1.050000E-03,+50.648542556E+00
+1.057500E-03,+50.425878263E+00
+1.065000E-03,+50.948431688E+00
+1.072500E-03,+47.535196988E+00
+1.080000E-03,+46.532117442E+00
+1.087500E-03,+48.361336273E+00
+1.095000E-03,+52.405994244E+00
+1.102500E-03,+47.790201068E+00
+1.110000E-03,+47.917493363E+00
+1.117500E-03,+51.558041667E+00
+1.125000E-03,+48.773372488E+00
+1.132500E-03,+50.834104148E+00
+1.140000E-03,+47.790201068E+00
+1.147500E-03,+45.682259701E+00
+1.155000E-03,+46.679348458E+00
+1.162500E-03,+52.355087808E+00
+1.170000E-03,+49.673153487E+00
+1.177500E-03,+49.488011386E+00
+1.185000E-03,+49.937989282E+00
+1.192500E-03,+48.009588122E+00
+1.200000E-03,+48.594221175E+00
+1.207500E-03,+50.990039502E+00
+1.215000E-03,+47.869331073E+00
+1.222500E-03,+46.417789902E+00
+1.230000E-03,+51.810301602E+00
+1.237500E-03,+52.115936825E+00
+1.245000E-03,+49.774127378E+00
+1.252500E-03,+48.470450815E+00
+1.260000E-03,+50.603513306E+00
+1.267500E-03,+49.507285919E+00
+1.275000E-03,+52.372382882E+00
+1.282500E-03,+47.790201068E+00
+1.290000E-03,+50.711041674E+00
+1.297500E-03,+52.781460850E+00
+1.305000E-03,+52.457114781E+00
+1.312500E-03,+49.390878420E+00
+1.320000E-03,+50.841003820E+00
+1.327500E-03,+49.943835872E+00
+1.335000E-03,+50.069367200E+00
+1.342500E-03,+46.456019978E+00
+1.350000E-03,+48.123063580E+00
+1.357500E-03,+50.975414280E+00
+1.365000E-03,+47.357981435E+00
+1.372500E-03,+49.496890517E+00
+1.380000E-03,+48.617017644E+00
+1.387500E-03,+50.126408621E+00
+1.395000E-03,+49.724448818E+00
+1.402500E-03,+42.556858262E+00
+1.410000E-03,+49.109455437E+00
+1.417500E-03,+55.131384742E+00
+1.425000E-03,+50.422456828E+00
+1.432500E-03,+49.822189169E+00
+1.440000E-03,+48.309621452E+00
+1.447500E-03,+49.368081952E+00
+1.455000E-03,+49.284057939E+00
+1.462500E-03,+52.840971125E+00
+1.470000E-03,+52.736676297E+00
+1.477500E-03,+53.113313978E+00
+1.485000E-03,+46.998437830E+00
+1.492500E-03,+50.202261388E+00
+1.500000E-03,+52.346064478E+00
+1.507500E-03,+48.062543921E+00
+1.515000E-03,+45.926912077E+00
+1.522500E-03,+46.412144310E+00
+1.530000E-03,+50.729853019E+00
+1.537500E-03,+47.742890861E+00
+1.545000E-03,+50.304187862E+00
+1.552500E-03,+46.598846380E+00
+1.560000E-03,+40.693481874E+00
+1.567500E-03,+50.521914448E+00
+1.575000E-03,+53.786921852E+00
+1.582500E-03,+53.816272797E+00
+1.590000E-03,+48.859244865E+00
+1.597500E-03,+47.199821924E+00
+1.605000E-03,+49.786384247E+00
+1.612500E-03,+51.207709288E+00
+1.620000E-03,+47.086490665E+00
+1.627500E-03,+50.550457008E+00
+1.635000E-03,+44.475427707E+00
+1.642500E-03,+48.594221175E+00
+1.650000E-03,+49.082673844E+00
+1.657500E-03,+49.399858051E+00
+1.665000E-03,+49.084290614E+00
+1.672500E-03,+46.182160854E+00
+1.680000E-03,+48.347995727E+00
+1.687500E-03,+48.035618131E+00
+1.695000E-03,+50.167208050E+00
+1.702500E-03,+50.202261388E+00
+1.710000E-03,+49.398241282E+00
+1.717500E-03,+50.307465100E+00
+1.725000E-03,+50.130450546E+00
+1.732500E-03,+47.332672415E+00
+1.740000E-03,+51.675025957E+00
+1.747500E-03,+50.835100429E+00
+1.755000E-03,+49.185365005E+00
+1.762500E-03,+48.143334394E+00
+1.770000E-03,+49.111937393E+00
+1.777500E-03,+53.629557624E+00
+1.785000E-03,+48.316175929E+00
+1.792500E-03,+49.324813669E+00
+1.800000E-03,+46.032836777E+00
+1.807500E-03,+49.122664889E+00
+1.815000E-03,+49.848319677E+00
+1.822500E-03,+48.414781466E+00
+1.830000E-03,+52.614321709E+00
+1.837500E-03,+48.911449080E+00
+1.845000E-03,+47.502280409E+00
+1.852500E-03,+52.523931116E+00
+1.860000E-03,+47.790201068E+00
+1.867500E-03,+49.620673980E+00
+1.875000E-03,+47.790201068E+00
+1.882500E-03,+49.810797486E+00
+1.890000E-03,+45.812064547E+00
+1.897500E-03,+49.906401078E+00
+1.905000E-03,+49.056368543E+00
+1.912500E-03,+46.795249070E+00
+1.920000E-03,+49.398241282E+00
+1.927500E-03,+50.128025391E+00
+1.935000E-03,+48.516131149E+00
+1.942500E-03,+49.195817208E+00
+1.950000E-03,+49.612734328E+00
+1.957500E-03,+47.729349316E+00
+1.965000E-03,+49.398241282E+00
+1.972500E-03,+50.367971656E+00
+1.980000E-03,+50.333726703E+00
+1.987500E-03,+50.382509482E+00
+1.995000E-03,+50.142218021E+00
+2.002500E-03,+45.412617295E+00
+2.010000E-03,+48.762745492E+00
+2.017500E-03,+48.762977086E+00
+2.025000E-03,+52.908333655E+00
+2.032500E-03,+51.006281495E+00
+2.040000E-03,+49.341243558E+00
+2.047500E-03,+49.916001198E+00
+2.055000E-03,+49.585275446E+00
+2.062500E-03,+47.923672047E+00
+2.070000E-03,+51.432798735E+00
+2.077500E-03,+51.998533046E+00
+2.085000E-03,+52.710270497E+00
+2.092500E-03,+49.727769754E+00
+2.100000E-03,+51.006281495E+00
+2.107500E-03,+51.379078250E+00
+2.115000E-03,+51.422346532E+00
+2.122500E-03,+46.986180961E+00
+2.130000E-03,+50.212713592E+00
+2.137500E-03,+43.243767374E+00
+2.145000E-03,+51.452274268E+00
+2.152500E-03,+51.662450097E+00
+2.160000E-03,+50.202261388E+00
+2.167500E-03,+53.033244493E+00
+2.175000E-03,+45.432280723E+00
+2.182500E-03,+48.281310487E+00
+2.190000E-03,+49.421614541E+00
+2.197500E-03,+46.032880475E+00
+2.205000E-03,+51.438125336E+00
+2.212500E-03,+52.639543332E+00
+2.220000E-03,+49.687778710E+00
+2.227500E-03,+49.398241282E+00
+2.235000E-03,+49.398241282E+00
+2.242500E-03,+48.968446803E+00
+2.250000E-03,+49.279308128E+00
+2.257500E-03,+43.949107649E+00
+2.265000E-03,+49.968292809E+00
+2.272500E-03,+47.147761907E+00
+2.280000E-03,+49.729185525E+00
+2.287500E-03,+52.614321709E+00
+2.295000E-03,+51.006281495E+00
+2.302500E-03,+47.521987536E+00
+2.310000E-03,+52.952886614E+00
+2.317500E-03,+47.347485533E+00
+2.325000E-03,+48.302026997E+00
+2.332500E-03,+51.923921257E+00
+2.340000E-03,+50.703823010E+00
+2.347500E-03,+49.422842416E+00
+2.355000E-03,+48.921280794E+00
+2.362500E-03,+48.756422610E+00
+2.370000E-03,+48.289105941E+00
+2.377500E-03,+49.604331488E+00
+2.385000E-03,+43.901766848E+00
+2.392500E-03,+48.887035841E+00
+2.400000E-03,+49.576453115E+00
+2.407500E-03,+49.279928617E+00
+2.415000E-03,+48.594221175E+00
+2.422500E-03,+48.594221175E+00
+2.430000E-03,+46.957869995E+00
+2.437500E-03,+48.251583750E+00
+2.445000E-03,+48.594221175E+00
+2.452500E-03,+49.790701464E+00
+2.460000E-03,+46.453463729E+00
+2.467500E-03,+46.986180961E+00
+2.475000E-03,+45.378140748E+00
+2.482500E-03,+43.015903185E+00
+2.490000E-03,+41.722622024E+00
+2.497500E-03,+38.945979893E+00
+2.505000E-03,+38.141959786E+00
+2.512500E-03,+35.729899466E+00
+2.520000E-03,+34.121859252E+00
+2.527500E-03,+32.513819039E+00
+2.535000E-03,+30.101758718E+00
+2.542500E-03,+28.493718505E+00
+2.550000E-03,+26.552252092E+00
+2.557500E-03,+24.473617971E+00
+2.565000E-03,+22.357649555E+00
+2.572500E-03,+19.649497330E+00
+2.580000E-03,+17.359026912E+00
+2.587500E-03,+15.629396796E+00
+2.595000E-03,+14.021356583E+00
+2.602500E-03,+11.871143214E+00
+2.610000E-03,+10.577862053E+00
+2.617500E-03,+9.197235942E+00
+2.625000E-03,+7.991111834E+00
+2.632500E-03,+6.068312568E+00
+2.640000E-03,+5.177135408E+00
+2.647500E-03,+3.830754250E+00
+2.655000E-03,+2.818175084E+00
+2.662500E-03,+2.397216039E+00
+2.670000E-03,+1.157034874E+00
+2.677500E-03,+353.014767E-03
+2.685000E-03,-451.005340E-03
+2.692500E-03,-1.255025446E+00
+2.700000E-03,-1.725431458E+00
+2.707500E-03,-2.059045553E+00
+2.715000E-03,-2.059045553E+00
+2.722500E-03,-3.193214622E+00
+2.730000E-03,-3.667085767E+00
+2.737500E-03,-3.667085767E+00
+2.745000E-03,-4.281213962E+00
+2.752500E-03,-4.471105874E+00
+2.760000E-03,-4.031479681E+00
+2.767500E-03,-3.667085767E+00
+2.775000E-03,-3.667085767E+00
+2.782500E-03,-3.667085767E+00
+2.790000E-03,-2.953687847E+00
+2.797500E-03,-2.863065660E+00
+2.805000E-03,-2.863065660E+00
+2.812500E-03,-2.289924790E+00
+2.820000E-03,-2.317427371E+00
+2.827500E-03,-2.059045553E+00
+2.835000E-03,-2.059045553E+00
+2.842500E-03,-2.059045553E+00
+2.850000E-03,-1.451659730E+00
+2.857500E-03,-1.766418782E+00
+2.865000E-03,-2.059045553E+00
+2.872500E-03,-1.722154220E+00
+2.880000E-03,-1.255025446E+00
+2.887500E-03,-1.255025446E+00
+2.895000E-03,-1.581897170E+00
+2.902500E-03,-1.255025446E+00
+2.910000E-03,-952.379066E-03
+2.917500E-03,-1.441640120E+00
+2.925000E-03,-1.255025446E+00
+2.932500E-03,-1.255025446E+00
+2.940000E-03,-1.255025446E+00
+2.947500E-03,-1.255025446E+00
+2.955000E-03,-1.255025446E+00
+2.962500E-03,-1.255025446E+00
+2.970000E-03,-846.366969E-03
+2.977500E-03,-451.005340E-03
+2.985000E-03,-1.020868972E+00
+2.992500E-03,-1.255025446E+00
+3.000000E-03,-1.255025446E+00
+3.007500E-03,-880.611922E-03
+3.015000E-03,-565.852870E-03
+3.022500E-03,-1.255025446E+00
+3.030000E-03,-1.255025446E+00
+3.037500E-03,-476.414859E-03
+3.045000E-03,-914.856875E-03
+3.052500E-03,-1.255025446E+00
+3.060000E-03,-1.089358877E+00
+3.067500E-03,-931.430961E-03
+3.075000E-03,-451.005340E-03
+3.082500E-03,-451.005340E-03
+3.090000E-03,-451.005340E-03
+3.097500E-03,-1.123603830E+00
+3.105000E-03,-897.186008E-03
+3.112500E-03,-1.211945060E+00
+3.120000E-03,-451.005340E-03
+3.127500E-03,-451.005340E-03
+3.135000E-03,-451.005340E-03
+3.142500E-03,-862.941055E-03
+3.150000E-03,-1.177700107E+00
+3.157500E-03,-451.005340E-03
+3.165000E-03,-702.832681E-03
+3.172500E-03,-451.005340E-03
+3.180000E-03,-451.005340E-03
+3.187500E-03,-1.143455154E+00
+3.195000E-03,-654.194100E-03
+3.202500E-03,-737.077634E-03
+3.210000E-03,-451.005340E-03
+3.217500E-03,-451.005340E-03
+3.225000E-03,-451.005340E-03
+3.232500E-03,-1.255025446E+00
+3.240000E-03,-451.005340E-03
+3.247500E-03,-451.005340E-03
+3.255000E-03,-451.005340E-03
+3.262500E-03,-1.074965249E+00
+3.270000E-03,-1.120326592E+00
+3.277500E-03,-451.005340E-03
+3.285000E-03,-451.005340E-03
+3.292500E-03,-451.005340E-03
+3.300000E-03,-451.005340E-03
+3.307500E-03,-451.005340E-03
+3.315000E-03,-866.218293E-03
+3.322500E-03,-451.005340E-03
+3.330000E-03,-1.014314495E+00
+3.337500E-03,-451.005340E-03
+3.345000E-03,-517.214288E-03
+3.352500E-03,-451.005340E-03
+3.360000E-03,-451.005340E-03
+3.367500E-03,-1.048559448E+00
+3.375000E-03,-972.230390E-03
+3.382500E-03,-482.969335E-03
+3.390000E-03,-451.005340E-03
+3.397500E-03,-451.005340E-03
+3.405000E-03,-451.005340E-03
+3.412500E-03,-451.005340E-03
+3.420000E-03,-1.252744489E+00
+3.427500E-03,-451.005340E-03
+3.435000E-03,-451.005340E-03
+3.442500E-03,-451.005340E-03
+3.450000E-03,-802.290302E-03
+3.457500E-03,-451.005340E-03
+3.465000E-03,-451.005340E-03
+3.472500E-03,-451.005340E-03
+3.480000E-03,-451.005340E-03
+3.487500E-03,-451.005340E-03
+3.495000E-03,-451.005340E-03
+3.502500E-03,-1.011037257E+00
+3.510000E-03,-1.255025446E+00
+3.517500E-03,-520.491526E-03
+3.525000E-03,-870.780208E-03
+3.532500E-03,-451.005340E-03
+3.540000E-03,-451.005340E-03
+3.547500E-03,-451.005340E-03
+3.555000E-03,-451.005340E-03
+3.562500E-03,-451.005340E-03
+3.570000E-03,-1.115764678E+00
+3.577500E-03,-451.005340E-03
+3.585000E-03,-451.005340E-03
+3.592500E-03,-451.005340E-03
+3.600000E-03,-451.005340E-03
+3.607500E-03,-451.005340E-03
+3.615000E-03,-451.005340E-03
+3.622500E-03,-451.005340E-03
+3.630000E-03,-451.005340E-03
+3.637500E-03,-732.515720E-03
+3.645000E-03,-451.005340E-03
+3.652500E-03,-451.005340E-03
+3.660000E-03,-451.005340E-03
+3.667500E-03,-1.187531821E+00
+3.675000E-03,-451.005340E-03
+3.682500E-03,-451.005340E-03
+3.690000E-03,-523.768764E-03
+3.697500E-03,-1.255025446E+00
+3.705000E-03,-451.005340E-03
+3.712500E-03,-451.005340E-03
+3.720000E-03,-451.005340E-03
+3.727500E-03,-451.005340E-03
+3.735000E-03,-451.005340E-03
+3.742500E-03,-451.005340E-03
+3.750000E-03,-451.005340E-03
+3.757500E-03,-944.539913E-03
+3.765000E-03,-455.278858E-03
+3.772500E-03,-451.005340E-03
+3.780000E-03,+182.786283E-03
+3.787500E-03,+1.816524412E+00
+3.795000E-03,+2.305785467E+00
+3.802500E-03,+4.403086735E+00
+3.810000E-03,+6.500388003E+00
+3.817500E-03,+8.393215835E+00
+3.825000E-03,+10.001256049E+00
+3.832500E-03,+11.988271701E+00
+3.840000E-03,+14.021356583E+00
+3.847500E-03,+15.629396796E+00
+3.855000E-03,+17.237437010E+00
+3.862500E-03,+18.845477223E+00
+3.870000E-03,+20.453517437E+00
+3.877500E-03,+21.257537544E+00
+3.885000E-03,+22.277855363E+00
+3.892500E-03,+23.669597864E+00
+3.900000E-03,+25.277638078E+00
+3.907500E-03,+26.081658185E+00
+3.915000E-03,+27.556992105E+00
+3.922500E-03,+27.689698398E+00
+3.930000E-03,+29.297738612E+00
+3.937500E-03,+30.101758718E+00
+3.945000E-03,+30.101758718E+00
+3.952500E-03,+31.542847686E+00
+3.960000E-03,+31.709798932E+00
+3.967500E-03,+32.513819039E+00
+3.975000E-03,+34.121859252E+00
+3.982500E-03,+34.121859252E+00
+3.990000E-03,+34.925879359E+00
+3.997500E-03,+35.039442213E+00
+4.005000E-03,+35.729899466E+00
+4.012500E-03,+36.533919573E+00
+4.020000E-03,+36.533919573E+00
+4.027500E-03,+37.102498528E+00
+4.035000E-03,+37.337939680E+00
+4.042500E-03,+38.141959786E+00
+4.050000E-03,+38.141959786E+00
+4.057500E-03,+38.945979893E+00
+4.065000E-03,+39.480313896E+00
+4.072500E-03,+39.750000000E+00
+4.080000E-03,+40.109832000E+00
+4.087500E-03,+40.554020107E+00
+4.095000E-03,+40.554020107E+00
+4.102500E-03,+40.857951164E+00
+4.110000E-03,+42.151232325E+00
+4.117500E-03,+41.683627261E+00
+4.125000E-03,+42.162060320E+00
+4.132500E-03,+42.313145365E+00
+4.140000E-03,+42.966080427E+00
+4.147500E-03,+43.770100534E+00
+4.155000E-03,+43.770100534E+00
+4.162500E-03,+44.574120641E+00
+4.170000E-03,+45.378140748E+00
+4.177500E-03,+45.378140748E+00
+4.185000E-03,+46.182160854E+00
+4.192500E-03,+46.729083820E+00
+4.200000E-03,+47.218344874E+00
+4.207500E-03,+47.068776100E+00
+4.215000E-03,+48.196866984E+00
+4.222500E-03,+47.882107932E+00
+4.230000E-03,+48.594221175E+00
+4.237500E-03,+48.594221175E+00
+4.245000E-03,+49.398241282E+00
+4.252500E-03,+49.398241282E+00
+4.260000E-03,+50.076109572E+00
+4.267500E-03,+50.013654153E+00
+4.275000E-03,+49.698895101E+00
+4.282500E-03,+49.412346515E+00
+4.290000E-03,+50.202261388E+00
+4.297500E-03,+50.202261388E+00
+4.305000E-03,+50.202261388E+00
+4.312500E-03,+50.202261388E+00
+4.320000E-03,+50.222401108E+00
+4.327500E-03,+50.496880721E+00
+4.335000E-03,+51.006281495E+00
+4.342500E-03,+51.006281495E+00
+4.350000E-03,+51.006281495E+00
+4.357500E-03,+51.006281495E+00
+4.365000E-03,+51.006281495E+00
+4.372500E-03,+51.006281495E+00
+4.380000E-03,+51.810301602E+00
+4.387500E-03,+51.409670173E+00
+4.395000E-03,+51.721671976E+00
+4.402500E-03,+51.232410922E+00
+4.410000E-03,+51.006281495E+00
+4.417500E-03,+51.006281495E+00
+4.425000E-03,+51.810301602E+00
+4.432500E-03,+51.006281495E+00
+4.440000E-03,+51.618417128E+00
+4.447500E-03,+51.810301602E+00
+4.455000E-03,+51.810301602E+00
+4.462500E-03,+51.810301602E+00
+4.470000E-03,+51.163401027E+00
+4.477500E-03,+51.163921016E+00
+4.485000E-03,+51.810301602E+00
+4.492500E-03,+51.810301602E+00
+4.500000E-03,+51.512405032E+00
+4.507500E-03,+51.810301602E+00
+4.515000E-03,+51.129676063E+00
+4.522500E-03,+51.810301602E+00
+4.530000E-03,+51.759194167E+00
+4.537500E-03,+51.546649984E+00
+4.545000E-03,+51.810301602E+00
+4.552500E-03,+51.095431110E+00
+4.560000E-03,+51.810301602E+00
+4.567500E-03,+51.724949214E+00
+4.575000E-03,+51.006281495E+00
+4.582500E-03,+51.006281495E+00
+4.590000E-03,+51.006281495E+00
+4.597500E-03,+51.810301602E+00
+4.605000E-03,+51.125878836E+00
+4.612500E-03,+51.615139890E+00
+4.620000E-03,+51.006281495E+00
+4.627500E-03,+51.006281495E+00
+4.635000E-03,+51.006281495E+00
+4.642500E-03,+51.006281495E+00
+4.650000E-03,+51.006281495E+00
+4.657500E-03,+50.202261388E+00
+4.665000E-03,+51.006281495E+00
+4.672500E-03,+51.006281495E+00
+4.680000E-03,+50.202261388E+00
+4.687500E-03,+50.879609689E+00
+4.695000E-03,+51.006281495E+00
+4.702500E-03,+50.202261388E+00
+4.710000E-03,+50.739352640E+00
+4.717500E-03,+50.202261388E+00
+4.725000E-03,+50.202261388E+00
+4.732500E-03,+50.202261388E+00
+4.740000E-03,+50.202261388E+00
+4.747500E-03,+50.202261388E+00
+4.755000E-03,+50.202261388E+00
+4.762500E-03,+50.202261388E+00
+4.770000E-03,+49.829320436E+00
+4.777500E-03,+50.202261388E+00
+4.785000E-03,+49.596680231E+00
+4.792500E-03,+49.398241282E+00
+4.800000E-03,+49.422178229E+00
+4.807500E-03,+49.863565389E+00
+4.815000E-03,+50.051696333E+00
+4.822500E-03,+49.562435278E+00
+4.830000E-03,+49.723308339E+00
+4.837500E-03,+50.191953383E+00
+4.845000E-03,+49.897810342E+00
+4.852500E-03,+49.398241282E+00
+4.860000E-03,+49.398241282E+00
+4.867500E-03,+49.842949378E+00
+4.875000E-03,+48.638774133E+00
+4.882500E-03,+49.398241282E+00
+4.890000E-03,+49.398241282E+00
+4.897500E-03,+49.398241282E+00
+4.905000E-03,+49.398241282E+00
+4.912500E-03,+49.398241282E+00
+4.920000E-03,+49.398241282E+00
+4.927500E-03,+49.398241282E+00
+4.935000E-03,+49.398241282E+00
+4.942500E-03,+49.398241282E+00
+4.950000E-03,+49.398241282E+00
+4.957500E-03,+49.398241282E+00
+4.965000E-03,+49.914716522E+00
+4.972500E-03,+49.371027096E+00
+4.980000E-03,+49.398241282E+00
+4.987500E-03,+49.398241282E+00
+4.995000E-03,+49.398241282E+00
+5.002500E-03,+49.398241282E+00
+5.010000E-03,+49.398241282E+00
+5.017500E-03,+49.398241282E+00
+5.025000E-03,+49.216708511E+00
+5.032500E-03,+49.398241282E+00
+5.040000E-03,+49.398241282E+00
+5.047500E-03,+49.398241282E+00
+5.055000E-03,+49.398241282E+00
+5.062500E-03,+49.398241282E+00
+5.070000E-03,+49.299259952E+00
+5.077500E-03,+49.398241282E+00
+5.085000E-03,+49.398241282E+00
+5.092500E-03,+48.833459554E+00
+5.100000E-03,+49.398241282E+00
+5.107500E-03,+49.398241282E+00
+5.115000E-03,+49.398241282E+00
+5.122500E-03,+48.594221175E+00
+5.130000E-03,+49.398241282E+00
+5.137500E-03,+48.878488803E+00
+5.145000E-03,+49.398241282E+00
+5.152500E-03,+48.939471650E+00
+5.160000E-03,+48.738231754E+00
+5.167500E-03,+49.398241282E+00
+5.175000E-03,+48.594221175E+00
+5.182500E-03,+49.398241282E+00
+5.190000E-03,+49.087235759E+00
+5.197500E-03,+49.398241282E+00
+5.205000E-03,+48.594221175E+00
+5.212500E-03,+49.398241282E+00
+5.220000E-03,+49.360242799E+00
+5.227500E-03,+49.925500819E+00
+5.235000E-03,+48.806721660E+00
+5.242500E-03,+49.398241282E+00
+5.250000E-03,+49.398241282E+00
+5.257500E-03,+49.398241282E+00
+5.265000E-03,+49.398241282E+00
+5.272500E-03,+49.398241282E+00
+5.280000E-03,+49.398241282E+00
+5.287500E-03,+49.398241282E+00
+5.295000E-03,+49.398241282E+00
+5.302500E-03,+49.398241282E+00
+5.310000E-03,+49.398241282E+00
+5.317500E-03,+49.398241282E+00
+5.325000E-03,+49.398241282E+00
+5.332500E-03,+49.398241282E+00
+5.340000E-03,+49.398241282E+00
+5.347500E-03,+49.083005938E+00
+5.355000E-03,+49.398241282E+00
+5.362500E-03,+49.398241282E+00
+5.370000E-03,+49.398241282E+00
+5.377500E-03,+49.398241282E+00
+5.385000E-03,+49.398241282E+00
+5.392500E-03,+49.398241282E+00
+5.400000E-03,+49.922223580E+00
+5.407500E-03,+49.398241282E+00
+5.415000E-03,+49.398241282E+00
+5.422500E-03,+49.398241282E+00
+5.430000E-03,+49.398241282E+00
+5.437500E-03,+49.398241282E+00
+5.445000E-03,+49.641709481E+00
+5.452500E-03,+49.326950429E+00
+5.460000E-03,+49.398241282E+00
+5.467500E-03,+49.295030131E+00
+5.475000E-03,+49.398241282E+00
+5.482500E-03,+49.398241282E+00
+5.490000E-03,+49.398241282E+00
+5.497500E-03,+49.398241282E+00
+5.505000E-03,+49.398241282E+00
+5.512500E-03,+49.575544231E+00
+5.520000E-03,+49.398241282E+00
+5.527500E-03,+49.398241282E+00
+5.535000E-03,+49.398241282E+00
+5.542500E-03,+49.398241282E+00
+5.550000E-03,+50.059203392E+00
+5.557500E-03,+49.398241282E+00
+5.565000E-03,+49.398241282E+00
+5.572500E-03,+49.398241282E+00
+5.580000E-03,+50.202261388E+00
+5.587500E-03,+49.398241282E+00
+5.595000E-03,+49.398241282E+00
+5.602500E-03,+49.398241282E+00
+5.610000E-03,+49.647311375E+00
+5.617500E-03,+49.962070427E+00
+5.625000E-03,+49.398241282E+00
+5.632500E-03,+49.787568424E+00
+5.640000E-03,+49.398241282E+00
+5.647500E-03,+49.772611108E+00
+5.655000E-03,+50.202261388E+00
+5.662500E-03,+49.398241282E+00
+5.670000E-03,+49.398241282E+00
+5.677500E-03,+49.398241282E+00
+5.685000E-03,+49.398241282E+00
+5.692500E-03,+49.398241282E+00
+5.700000E-03,+49.398241282E+00
+5.707500E-03,+49.398241282E+00
+5.715000E-03,+49.398241282E+00
+5.722500E-03,+49.398241282E+00
+5.730000E-03,+49.398241282E+00
+5.737500E-03,+49.426408050E+00
+5.745000E-03,+49.398241282E+00
+5.752500E-03,+49.398241282E+00
+5.760000E-03,+49.398241282E+00
+5.767500E-03,+49.398241282E+00
+5.775000E-03,+49.398241282E+00
+5.782500E-03,+49.949914057E+00
+5.790000E-03,+49.398241282E+00
+5.797500E-03,+49.398241282E+00
+5.805000E-03,+49.398241282E+00
+5.812500E-03,+49.398241282E+00
+5.820000E-03,+49.398241282E+00
+5.827500E-03,+49.398241282E+00
+5.835000E-03,+49.398241282E+00
+5.842500E-03,+49.398241282E+00
+5.850000E-03,+49.398241282E+00
+5.857500E-03,+49.398241282E+00
+5.865000E-03,+49.398241282E+00
+5.872500E-03,+49.398241282E+00
+5.880000E-03,+49.722355757E+00
+5.887500E-03,+50.037114809E+00
+5.895000E-03,+49.398241282E+00
+5.902500E-03,+49.398241282E+00
+5.910000E-03,+49.398241282E+00
+5.917500E-03,+49.108371759E+00
+5.925000E-03,+50.002869856E+00
+5.932500E-03,+49.398241282E+00
+5.940000E-03,+49.398241282E+00
+5.947500E-03,+49.398241282E+00
+5.955000E-03,+49.398241282E+00
+5.962500E-03,+49.398241282E+00
+5.970000E-03,+50.121138822E+00
+5.977500E-03,+49.806379769E+00
+5.985000E-03,+49.398241282E+00
+5.992500E-03,+49.398241282E+00
+6.000000E-03,+49.398241282E+00
+6.007500E-03,+49.398241282E+00
+6.015000E-03,+49.398241282E+00
+6.022500E-03,+49.398241282E+00
+6.030000E-03,+49.398241282E+00
+6.037500E-03,+49.398241282E+00
+6.045000E-03,+49.398241282E+00
+6.052500E-03,+49.725632995E+00
+6.060000E-03,+49.398241282E+00
+6.067500E-03,+49.551130992E+00
+6.075000E-03,+49.398241282E+00
+6.082500E-03,+49.398241282E+00
+6.090000E-03,+49.398241282E+00
+6.097500E-03,+49.398241282E+00
+6.105000E-03,+49.398241282E+00
+6.112500E-03,+49.398241282E+00
+6.120000E-03,+49.398241282E+00
+6.127500E-03,+49.398241282E+00
+6.135000E-03,+49.398241282E+00
+6.142500E-03,+49.398241282E+00
+6.150000E-03,+49.398241282E+00
+6.157500E-03,+49.398241282E+00
+6.165000E-03,+49.398241282E+00
+6.172500E-03,+49.398241282E+00
+6.180000E-03,+49.398241282E+00
+6.187500E-03,+49.398241282E+00
+6.195000E-03,+49.398241282E+00
+6.202500E-03,+50.011849487E+00
+6.210000E-03,+49.398241282E+00
+6.217500E-03,+50.186351489E+00
+6.225000E-03,+49.398241282E+00
+6.232500E-03,+49.398241282E+00
+6.240000E-03,+48.750388123E+00
+6.247500E-03,+49.398241282E+00
+6.255000E-03,+49.398241282E+00
+6.262500E-03,+49.101817283E+00
+6.270000E-03,+49.398241282E+00
+6.277500E-03,+49.276319286E+00
+6.285000E-03,+48.961560234E+00
+6.292500E-03,+48.594221175E+00
+6.300000E-03,+48.594221175E+00
+6.307500E-03,+49.171159272E+00
+6.315000E-03,+49.310564239E+00
+6.322500E-03,+48.996657270E+00
+6.330000E-03,+48.594221175E+00
+6.337500E-03,+49.170307189E+00
+6.345000E-03,+47.790201068E+00
+6.352500E-03,+45.431572838E+00
+6.360000E-03,+44.574120641E+00
+6.367500E-03,+42.162060320E+00
+6.375000E-03,+40.554020107E+00
+6.382500E-03,+38.650407978E+00
+6.390000E-03,+37.337939680E+00
+6.397500E-03,+34.925879359E+00
+6.405000E-03,+32.513819039E+00
+6.412500E-03,+30.905778825E+00
+6.420000E-03,+28.493718505E+00
+6.427500E-03,+26.885678291E+00
+6.435000E-03,+24.977936841E+00
+6.442500E-03,+23.480038046E+00
+6.450000E-03,+21.257537544E+00
+6.457500E-03,+19.649497330E+00
+6.465000E-03,+18.041457117E+00
+6.472500E-03,+16.433416903E+00
+6.480000E-03,+14.245161354E+00
+6.487500E-03,+13.217336476E+00
+6.495000E-03,+11.203582929E+00
+6.502500E-03,+10.001256049E+00
+6.510000E-03,+8.624427166E+00
+6.517500E-03,+7.043225346E+00
+6.525000E-03,+5.981155515E+00
+6.532500E-03,+4.744583681E+00
+6.540000E-03,+3.569095194E+00
+6.547500E-03,+2.765075088E+00
+6.555000E-03,+1.157034874E+00
+6.562500E-03,+353.014767E-03
+6.570000E-03,+15.791340E-03
+6.577500E-03,-1.255025446E+00
+6.585000E-03,-1.417746871E+00
+6.592500E-03,-2.385585183E+00
+6.600000E-03,-2.874846238E+00
+6.607500E-03,-3.667085767E+00
+6.615000E-03,-4.471105874E+00
+6.622500E-03,-4.471105874E+00
+6.630000E-03,-4.471105874E+00
+6.637500E-03,-4.471105874E+00
+6.645000E-03,-4.471105874E+00
+6.652500E-03,-4.471105874E+00
+6.660000E-03,-3.667085767E+00
+6.667500E-03,-3.667085767E+00
+6.675000E-03,-2.863065660E+00
+6.682500E-03,-2.863065660E+00
+6.690000E-03,-2.863065660E+00
+6.697500E-03,-2.863065660E+00
+6.705000E-03,-2.863065660E+00
+6.712500E-03,-2.173560990E+00
+6.720000E-03,-2.059045553E+00
+6.727500E-03,-2.059045553E+00
+6.735000E-03,-2.059045553E+00
+6.742500E-03,-2.059045553E+00
+6.750000E-03,-1.403785836E+00
+6.757500E-03,-1.893046890E+00
+6.765000E-03,-1.255025446E+00
+6.772500E-03,-1.255025446E+00
+6.780000E-03,-1.255025446E+00
+6.787500E-03,-1.255025446E+00
+6.795000E-03,-1.386779156E+00
+6.802500E-03,-1.701538209E+00
+6.810000E-03,-1.255025446E+00
+6.817500E-03,-1.255025446E+00
+6.825000E-03,-1.841795258E+00
+6.832500E-03,-548.514097E-03
+6.840000E-03,-1.255025446E+00
+6.847500E-03,-451.005340E-03
+6.855000E-03,-451.005340E-03
+6.862500E-03,-1.003530199E+00
+6.870000E-03,-1.255025446E+00
+6.877500E-03,-829.028196E-03
+6.885000E-03,-1.255025446E+00
+6.892500E-03,-654.526194E-03
+6.900000E-03,-1.255025446E+00
+6.907500E-03,-480.024191E-03
+6.915000E-03,-451.005340E-03
+6.922500E-03,-451.005340E-03
+6.930000E-03,-451.005340E-03
+6.937500E-03,-451.005340E-03
+6.945000E-03,-1.249799345E+00
+6.952500E-03,-451.005340E-03
+6.960000E-03,-451.005340E-03
+6.967500E-03,-1.119994498E+00
+6.975000E-03,-805.235446E-03
+6.982500E-03,-1.255025446E+00
+6.990000E-03,-726.293337E-03
+6.997500E-03,-451.005340E-03
+7.005000E-03,-551.791335E-03
+7.012500E-03,-866.550387E-03
+7.020000E-03,-1.181309439E+00
+7.027500E-03,-1.013982402E+00
+7.035000E-03,-1.255025446E+00
+7.042500E-03,-1.255025446E+00
+7.050000E-03,-451.005340E-03
+7.057500E-03,-558.966300E-03
+7.065000E-03,-451.005340E-03
+7.072500E-03,-451.005340E-03
+7.080000E-03,-451.005340E-03
+7.087500E-03,-1.255025446E+00
+7.095000E-03,-1.112819533E+00
+7.102500E-03,-1.255025446E+00
+7.110000E-03,-451.005340E-03
+7.117500E-03,-451.005340E-03
+7.125000E-03,-451.005340E-03
+7.132500E-03,-451.005340E-03
+7.140000E-03,-451.005340E-03
+7.147500E-03,-451.005340E-03
+7.155000E-03,-451.005340E-03
+7.162500E-03,-729.570575E-03
+7.170000E-03,-451.005340E-03
+7.177500E-03,-451.005340E-03
+7.185000E-03,-451.005340E-03
+7.192500E-03,-451.005340E-03
+7.200000E-03,-451.005340E-03
+7.207500E-03,-451.005340E-03
+7.215000E-03,-451.005340E-03
+7.222500E-03,-870.448114E-03
+7.230000E-03,-451.005340E-03
+7.237500E-03,-451.005340E-03
+7.245000E-03,-451.005340E-03
+7.252500E-03,-451.005340E-03
+7.260000E-03,-801.337719E-03
+7.267500E-03,-1.116096771E+00
+7.275000E-03,-451.005340E-03
+7.282500E-03,-451.005340E-03
+7.290000E-03,-451.005340E-03
+7.297500E-03,-451.005340E-03
+7.305000E-03,-451.005340E-03
+7.312500E-03,-1.113440022E+00
+7.320000E-03,-451.005340E-03
+7.327500E-03,-451.005340E-03
+7.335000E-03,-451.005340E-03
+7.342500E-03,-451.005340E-03
+7.350000E-03,-451.005340E-03
+7.357500E-03,-451.005340E-03
+7.365000E-03,-451.005340E-03
+7.372500E-03,-451.005340E-03
+7.380000E-03,-1.013361913E+00
+7.387500E-03,-524.100858E-03
+7.395000E-03,-451.005340E-03
+7.402500E-03,-451.005340E-03
+7.410000E-03,-451.005340E-03
+7.417500E-03,-726.913826E-03
+7.425000E-03,-1.216174881E+00
+7.432500E-03,-451.005340E-03
+7.440000E-03,-451.005340E-03
+7.447500E-03,-1.075917831E+00
+7.455000E-03,-761.158779E-03
+7.462500E-03,-451.005340E-03
+7.470000E-03,-451.005340E-03
+7.477500E-03,-1.085129057E+00
+7.485000E-03,-1.110162784E+00
+7.492500E-03,-910.627054E-03
